Item,Price
Mouse,210
Printer,2100
Monitor,1200
Scanner,1500
Speaker,300
Keyboard,190
Mouse,210
Printer,2100
Monitor,1200
Scanner,1500
Speaker,300
Keyboard,190
Mouse,210
Printer,2100
Monitor,1200
Scanner,1500
Speaker,300
Keyboard,190
Mouse,210
Monitor,2100
Scanner,1200
Speaker,300
Keyboard,200
Mouse,190
Printer,2100
Mouse,210
Printer,2100
Mouse,210
Mouse,210
Mouse,210
Mouse,210
Mouse,210
Mouse,210
Mouse,210
Mouse,210
Mouse,210
Keyboard,190
Mouse,210
Printer,2100
Monitor,1200
Printer,2100
Printer,2100
Printer,2100
Printer,2100
Printer,2100
Printer,2100
Printer,2100
Printer,2100
Printer,2100
Printer,2100
Mouse,210
Printer,2100
Monitor,1200
Scanner,1500
Speaker,300
Keyboard,190
Mouse,210
Printer,2100
Monitor,1200
Scanner,1500
Speaker,300
Keyboard,190
Mouse,210
Printer,2100
Monitor,1200
Scanner,1500
Speaker,300
Keyboard,190
Mouse,210
Keyboard,190
Mouse,210
Keyboard,190
Mouse,210
Keyboard,190
Mouse,210
Keyboard,190
Mouse,210
Monitor,1200
Scanner,1500
Speaker,300
Keyboard,190
Mouse,210
Printer,2100
Monitor,1200
Scanner,1500
Speaker,300
Keyboard,190
Mouse,210
Speaker,300
Speaker,300
Speaker,300
Speaker,300
Speaker,300
Speaker,300
Speaker,300
Speaker,300
Speaker,300
Speaker,300
Mouse,190
Printer,2100
Mouse,210
Printer,2100
Monitor,1200
Printer,2100
Monitor,1200
Keyboard,190
Printer,2100
Monitor,1200
Printer,2100
Monitor,1200
Printer,2100
Monitor,1200
Mouse,210
Printer,2100
Monitor,1200
Scanner,1500
Speaker,300
Keyboard,190
Mouse,210
Monitor,2100
Scanner,1200
Speaker,300
Keyboard,200
Mouse,190
Printer,2100
Mouse,210
Printer,2100
Monitor,1200
Scanner,1500
Speaker,300
Keyboard,190
Mouse,210
Printer,2100
Monitor,1200
Scanner,1500
Speaker,300
Keyboard,190
Mouse,210
Printer,2100
Monitor,1200
Scanner,1500
Speaker,300
Keyboard,190
Speaker,300
Speaker,300
Speaker,300
Speaker,300
Speaker,300
Speaker,300
Speaker,300
Speaker,300
Printer,2100
Monitor,1200
Scanner,1500
Speaker,300
Keyboard,190
Mouse,210
Printer,2100
Monitor,1200
Scanner,1500
Speaker,300
Keyboard,190
Mouse,210
Printer,2100
Monitor,1200
Scanner,1500
Speaker,300
Keyboard,190
Mouse,210
Monitor,2100
Scanner,1200
Speaker,300
Keyboard,200
Mouse,190
Printer,2100
Mouse,210
Mouse,190
Mouse,190
Mouse,190
Mouse,190
Mouse,190
Mouse,190
Mouse,190
Monitor,1200
Scanner,1500
Speaker,300
Keyboard,190
Mouse,210
Printer,2100
Monitor,1200
Scanner,1500
Speaker,300
Keyboard,190
Mouse,210
Monitor,2100
Scanner,1200
Speaker,300
Keyboard,200
Mouse,190
Printer,2100
Mouse,210
Printer,2100
Monitor,1200
Scanner,1500
Speaker,300
Keyboard,190
Mouse,210
Printer,2100
Monitor,1200
Scanner,1500
Speaker,300
Keyboard,190
Mouse,210
Printer,2100
Monitor,1200
Scanner,1500
Speaker,300
Keyboard,190
Mouse,210
Monitor,2100
Scanner,1200
Speaker,300
Keyboard,200
Mouse,190
Printer,2100
Mouse,210
Printer,2100
Monitor,1200
Scanner,1500
Speaker,300
Keyboard,190
Mouse,210
Printer,2100
Printer,2100
Scanner,1500
Speaker,300
Keyboard,190
Mouse,210
Printer,2100
Monitor,1200
Scanner,1500
Speaker,300
Speaker,300
Keyboard,190
Mouse,210
Printer,2100
Monitor,1200
Scanner,1500
Speaker,300
Speaker,300
Keyboard,190
Mouse,210
Printer,2100
Monitor,1200
Scanner,1500
Speaker,300
Mouse,210
Printer,2100
Monitor,1200
Scanner,1500
Speaker,300
Keyboard,190
Mouse,210
Printer,2100
Monitor,1200
Scanner,1500
Printer,2100
Printer,2100
Printer,2100
Printer,2100
Printer,2100
Printer,2100
Printer,2100
Printer,2100
Printer,2100
Printer,2100
Printer,2100
Monitor,1200
Scanner,1500
Speaker,300
Keyboard,190
Mouse,210
Printer,2100
Monitor,1200
Scanner,1500
Speaker,300
Keyboard,190
Mouse,210
Printer,2100
Monitor,1200
Scanner,1500
Speaker,300
Scanner,1500
Speaker,300
Scanner,1500
Speaker,300
Scanner,1500
Speaker,300
Scanner,1500
Speaker,300
Scanner,1500
Printer,2100
Monitor,1200
Scanner,1500
Speaker,300
Keyboard,190
Keyboard,190
Keyboard,190
Keyboard,190
Keyboard,190
Keyboard,190
Keyboard,190
Keyboard,190
Keyboard,190
Keyboard,190
Keyboard,190
Keyboard,190
Keyboard,190
Mouse,210
Mouse,210
Mouse,210
Mouse,210
Mouse,210
Mouse,210
Mouse,210
Mouse,210
Mouse,210
Mouse,210
Mouse,210
Mouse,210
Keyboard,190
Mouse,210
Printer,2100
Monitor,1200
Scanner,1500
Scanner,1500
Scanner,1500
Scanner,1500
Scanner,1500
Scanner,1500
Scanner,1500
Scanner,1500
Scanner,1500
Mouse,210
Monitor,2100
Scanner,1200
Speaker,300
Keyboard,200
Mouse,190
Printer,2100
Mouse,210
Printer,2100
Monitor,1200
Scanner,1500
Speaker,300
Keyboard,190
Mouse,210
Printer,2100
Printer,2100
Printer,2100
Printer,2100
Printer,2100
Printer,2100
Printer,2100
Monitor,1200
Scanner,1500
